Workbook

Sheet Dashboard
B2: FITSTATION 24 — Live Dashboard | F2: =NOW() -> 46145.652
B3: ยอดวันนี้ (ทุกสาขา) · ข้อมูลเรียลไทม์เวลาไทย
B5: ยอดรวมวันนี้ (฿) | D5: MEM วันนี้ | F5: PT วันนี้ | H5: เทรนวันนี้
B6: =SUMIFS(Sales!$H:$H, Sales!$E:$E,"<>Train", Sales!$B:$B,">="&TODAY(), Sales!$B:$B,"<"&TODAY()+1) -> 20500 | D6: =COUNTIFS(Sales!$E:$E,"MEM", Sales!$B:$B,">="&TODAY(), Sales!$B:$B,"<"&TODAY()+1) -> 1 | F6: =COUNTIFS(Sales!$E:$E,"PT", Sales!$B:$B,">="&TODAY(), Sales!$B:$B,"<"&TODAY()+1) -> 1 | H6: =COUNTIFS(Trainings!$I:$I,"✓ Verified", Trainings!$B:$B,">="&TODAY(), Trainings!$B:$B,"<"&TODAY()+1) -> 0
B9: ยอดวันนี้แยกตามสาขา
B10: สาขา | C10: MEM (฿) | D10: PT (฿) | E10: Plan (฿) | F10: รวม (฿) | G10: เทรน (ครั้ง) | H10: ยอดรวมเดือนนี้ (฿) | I10: เกินกำหนด
B11: BR01 | C11: =SUMIFS(Sales!$H:$H, Sales!$C:$C,$B11, Sales!$E:$E,"MEM", Sales!$B:$B,">="&TODAY(), Sales!$B:$B,"<"&TODAY()+1) -> 12000 | D11: =SUMIFS(Sales!$H:$H, Sales!$C:$C,$B11, Sales!$E:$E,"PT", Sales!$B:$B,">="&TODAY(), Sales!$B:$B,"<"&TODAY()+1) -> 8000 | E11: =SUMIFS(Sales!$H:$H, Sales!$C:$C,$B11, Sales!$E:$E,"Plan", Sales!$B:$B,">="&TODAY(), Sales!$B:$B,"<"&TODAY()+1) -> 500 | F11: =SUM(C11:E11) -> 20500 | G11: =COUNTIFS(Trainings!$C:$C,$B11, Trainings!$I:$I,"✓ Verified", Trainings!$B:$B,">="&TODAY(), Trainings!$B:$B,"<"&TODAY()+1) -> 0 | H11: =SUMIFS(Sales!$H:$H, Sales!$C:$C,$B11, Sales!$E:$E,"<>Train", Sales!$B:$B,">="&EOMONTH(TODAY(),-1)+1) -> 20500 | I11: =COUNTIFS(Members!$F:$F,$B11, Members!$H:$H, "<"&TODAY(), Members!$L:$L,"Active") -> 0
B12: BR02 | C12: =SUMIFS(Sales!$H:$H, Sales!$C:$C,$B12, Sales!$E:$E,"MEM", Sales!$B:$B,">="&TODAY(), Sales!$B:$B,"<"&TODAY()+1) -> 0 | D12: =SUMIFS(Sales!$H:$H, Sales!$C:$C,$B12, Sales!$E:$E,"PT", Sales!$B:$B,">="&TODAY(), Sales!$B:$B,"<"&TODAY()+1) -> 0 | E12: =SUMIFS(Sales!$H:$H, Sales!$C:$C,$B12, Sales!$E:$E,"Plan", Sales!$B:$B,">="&TODAY(), Sales!$B:$B,"<"&TODAY()+1) -> 0 | F12: =SUM(C12:E12) -> 0 | G12: =COUNTIFS(Trainings!$C:$C,$B12, Trainings!$I:$I,"✓ Verified", Trainings!$B:$B,">="&TODAY(), Trainings!$B:$B,"<"&TODAY()+1) -> 0 | H12: =SUMIFS(Sales!$H:$H, Sales!$C:$C,$B12, Sales!$E:$E,"<>Train", Sales!$B:$B,">="&EOMONTH(TODAY(),-1)+1) -> 0 | I12: =COUNTIFS(Members!$F:$F,$B12, Members!$H:$H, "<"&TODAY(), Members!$L:$L,"Active") -> 0
B13: BR03 | C13: =SUMIFS(Sales!$H:$H, Sales!$C:$C,$B13, Sales!$E:$E,"MEM", Sales!$B:$B,">="&TODAY(), Sales!$B:$B,"<"&TODAY()+1) -> 0 | D13: =SUMIFS(Sales!$H:$H, Sales!$C:$C,$B13, Sales!$E:$E,"PT", Sales!$B:$B,">="&TODAY(), Sales!$B:$B,"<"&TODAY()+1) -> 0 | E13: =SUMIFS(Sales!$H:$H, Sales!$C:$C,$B13, Sales!$E:$E,"Plan", Sales!$B:$B,">="&TODAY(), Sales!$B:$B,"<"&TODAY()+1) -> 0 | F13: =SUM(C13:E13) -> 0 | G13: =COUNTIFS(Trainings!$C:$C,$B13, Trainings!$I:$I,"✓ Verified", Trainings!$B:$B,">="&TODAY(), Trainings!$B:$B,"<"&TODAY()+1) -> 0 | H13: =SUMIFS(Sales!$H:$H, Sales!$C:$C,$B13, Sales!$E:$E,"<>Train", Sales!$B:$B,">="&EOMONTH(TODAY(),-1)+1) -> 0 | I13: =COUNTIFS(Members!$F:$F,$B13, Members!$H:$H, "<"&TODAY(), Members!$L:$L,"Active") -> 0
B14: รวม | C14: =SUM(C11:C13) -> 12000 | D14: =SUM(D11:D13) -> 8000 | E14: =SUM(E11:E13) -> 500 | F14: =SUM(F11:F13) -> 20500 | G14: =SUM(G11:G13) -> 0 | H14: =SUM(H11:H13) -> 20500 | I14: =SUM(I11:I13) -> 0
B16: ยอดล่าสุด 5 รายการ
B17: เวลา | C17: สาขา | D17: ประเภท | E17: พนักงาน | F17: สมาชิก | G17: ยอด (฿) | H17: สลิป | I17: Notify
B18: =IFERROR(INDEX(sales!b:sales!b, aggregate(14,6,ROW(Sales!$B$3:$B$1000)/(Sales!$B$3:$B$1000<>""), 5)),"") | C18: =IFERROR(INDEX(sales!c:sales!c, aggregate(14,6,ROW(Sales!$B$3:$B$1000)/(Sales!$B$3:$B$1000<>""), 5)),"") | D18: =IFERROR(INDEX(sales!e:sales!e, aggregate(14,6,ROW(Sales!$B$3:$B$1000)/(Sales!$B$3:$B$1000<>""), 5)),"") | E18: =IFERROR(INDEX(sales!d:sales!d, aggregate(14,6,ROW(Sales!$B$3:$B$1000)/(Sales!$B$3:$B$1000<>""), 5)),"") | F18: =IFERROR(INDEX(sales!g:sales!g, aggregate(14,6,ROW(Sales!$B$3:$B$1000)/(Sales!$B$3:$B$1000<>""), 5)),"") | G18: =IFERROR(INDEX(sales!h:sales!h, aggregate(14,6,ROW(Sales!$B$3:$B$1000)/(Sales!$B$3:$B$1000<>""), 5)),"") | H18: =IFERROR(INDEX(sales!i:sales!i, aggregate(14,6,ROW(Sales!$B$3:$B$1000)/(Sales!$B$3:$B$1000<>""), 5)),"") | I18: =IFERROR(INDEX(sales!l:sales!l, aggregate(14,6,ROW(Sales!$B$3:$B$1000)/(Sales!$B$3:$B$1000<>""), 5)),"")
B19: =IFERROR(INDEX(sales!b:sales!b, aggregate(14,6,ROW(Sales!$B$3:$B$1000)/(Sales!$B$3:$B$1000<>""), 4)),"") | C19: =IFERROR(INDEX(sales!c:sales!c, aggregate(14,6,ROW(Sales!$B$3:$B$1000)/(Sales!$B$3:$B$1000<>""), 4)),"") | D19: =IFERROR(INDEX(sales!e:sales!e, aggregate(14,6,ROW(Sales!$B$3:$B$1000)/(Sales!$B$3:$B$1000<>""), 4)),"") | E19: =IFERROR(INDEX(sales!d:sales!d, aggregate(14,6,ROW(Sales!$B$3:$B$1000)/(Sales!$B$3:$B$1000<>""), 4)),"") | F19: =IFERROR(INDEX(sales!g:sales!g, aggregate(14,6,ROW(Sales!$B$3:$B$1000)/(Sales!$B$3:$B$1000<>""), 4)),"") | G19: =IFERROR(INDEX(sales!h:sales!h, aggregate(14,6,ROW(Sales!$B$3:$B$1000)/(Sales!$B$3:$B$1000<>""), 4)),"") | H19: =IFERROR(INDEX(sales!i:sales!i, aggregate(14,6,ROW(Sales!$B$3:$B$1000)/(Sales!$B$3:$B$1000<>""), 4)),"") | I19: =IFERROR(INDEX(sales!l:sales!l, aggregate(14,6,ROW(Sales!$B$3:$B$1000)/(Sales!$B$3:$B$1000<>""), 4)),"")
B20: =IFERROR(INDEX(sales!b:sales!b, aggregate(14,6,ROW(Sales!$B$3:$B$1000)/(Sales!$B$3:$B$1000<>""), 3)),"") | C20: =IFERROR(INDEX(sales!c:sales!c, aggregate(14,6,ROW(Sales!$B$3:$B$1000)/(Sales!$B$3:$B$1000<>""), 3)),"") | D20: =IFERROR(INDEX(sales!e:sales!e, aggregate(14,6,ROW(Sales!$B$3:$B$1000)/(Sales!$B$3:$B$1000<>""), 3)),"") | E20: =IFERROR(INDEX(sales!d:sales!d, aggregate(14,6,ROW(Sales!$B$3:$B$1000)/(Sales!$B$3:$B$1000<>""), 3)),"") | F20: =IFERROR(INDEX(sales!g:sales!g, aggregate(14,6,ROW(Sales!$B$3:$B$1000)/(Sales!$B$3:$B$1000<>""), 3)),"") | G20: =IFERROR(INDEX(sales!h:sales!h, aggregate(14,6,ROW(Sales!$B$3:$B$1000)/(Sales!$B$3:$B$1000<>""), 3)),"") | H20: =IFERROR(INDEX(sales!i:sales!i, aggregate(14,6,ROW(Sales!$B$3:$B$1000)/(Sales!$B$3:$B$1000<>""), 3)),"") | I20: =IFERROR(INDEX(sales!l:sales!l, aggregate(14,6,ROW(Sales!$B$3:$B$1000)/(Sales!$B$3:$B$1000<>""), 3)),"")
B21: =IFERROR(INDEX(sales!b:sales!b, aggregate(14,6,ROW(Sales!$B$3:$B$1000)/(Sales!$B$3:$B$1000<>""), 2)),"") | C21: =IFERROR(INDEX(sales!c:sales!c, aggregate(14,6,ROW(Sales!$B$3:$B$1000)/(Sales!$B$3:$B$1000<>""), 2)),"") | D21: =IFERROR(INDEX(sales!e:sales!e, aggregate(14,6,ROW(Sales!$B$3:$B$1000)/(Sales!$B$3:$B$1000<>""), 2)),"") | E21: =IFERROR(INDEX(sales!d:sales!d, aggregate(14,6,ROW(Sales!$B$3:$B$1000)/(Sales!$B$3:$B$1000<>""), 2)),"") | F21: =IFERROR(INDEX(sales!g:sales!g, aggregate(14,6,ROW(Sales!$B$3:$B$1000)/(Sales!$B$3:$B$1000<>""), 2)),"") | G21: =IFERROR(INDEX(sales!h:sales!h, aggregate(14,6,ROW(Sales!$B$3:$B$1000)/(Sales!$B$3:$B$1000<>""), 2)),"") | H21: =IFERROR(INDEX(sales!i:sales!i, aggregate(14,6,ROW(Sales!$B$3:$B$1000)/(Sales!$B$3:$B$1000<>""), 2)),"") | I21: =IFERROR(INDEX(sales!l:sales!l, aggregate(14,6,ROW(Sales!$B$3:$B$1000)/(Sales!$B$3:$B$1000<>""), 2)),"")
B22: =IFERROR(INDEX(sales!b:sales!b, aggregate(14,6,ROW(Sales!$B$3:$B$1000)/(Sales!$B$3:$B$1000<>""), 1)),"") | C22: =IFERROR(INDEX(sales!c:sales!c, aggregate(14,6,ROW(Sales!$B$3:$B$1000)/(Sales!$B$3:$B$1000<>""), 1)),"") | D22: =IFERROR(INDEX(sales!e:sales!e, aggregate(14,6,ROW(Sales!$B$3:$B$1000)/(Sales!$B$3:$B$1000<>""), 1)),"") | E22: =IFERROR(INDEX(sales!d:sales!d, aggregate(14,6,ROW(Sales!$B$3:$B$1000)/(Sales!$B$3:$B$1000<>""), 1)),"") | F22: =IFERROR(INDEX(sales!g:sales!g, aggregate(14,6,ROW(Sales!$B$3:$B$1000)/(Sales!$B$3:$B$1000<>""), 1)),"") | G22: =IFERROR(INDEX(sales!h:sales!h, aggregate(14,6,ROW(Sales!$B$3:$B$1000)/(Sales!$B$3:$B$1000<>""), 1)),"") | H22: =IFERROR(INDEX(sales!i:sales!i, aggregate(14,6,ROW(Sales!$B$3:$B$1000)/(Sales!$B$3:$B$1000<>""), 1)),"") | I22: =IFERROR(INDEX(sales!l:sales!l, aggregate(14,6,ROW(Sales!$B$3:$B$1000)/(Sales!$B$3:$B$1000<>""), 1)),"")
B24: ดูรายละเอียดเพิ่มเติมได้ในชีต Sales / Trainings / Members · สรุปย้อนหลังในชีต Daily_Summary

Sheet Members
B1: ฐานข้อมูลสมาชิก
B2: MemberID | C2: ชื่อ | D2: นามสกุล | E2: อายุ | F2: สาขา | G2: วันสมัคร | H2: วันหมดอายุ | I2: วันคงเหลือ | J2: ชม.เทรนคงเหลือ | K2: เทรนเนอร์ประจำ | L2: LINE User ID | M2: สถานะ
B3: M0001 | C3: ปกรณ์ | D3: สมิธ | E3: 28 | F3: BR01 | G3: 45965 | H3: 46165 | I3: =IFERROR(MAX(0,$H3-TODAY()),0) -> 20 | J3: 8 | K3: วิชัย | L3: Uxxxx1 | M3: Active
B4: M0002 | C4: นภัสกร | D4: ใจกล้า | E4: 34 | F4: BR01 | G4: 46055 | H4: 46155 | I4: =IFERROR(MAX(0,$H4-TODAY()),0) -> 10 | J4: 2 | K4: พิมพ์ | L4: Uxxxx2 | M4: Active
B5: M0003 | C5: สิรินทรา | D5: วงศ์ทอง | E5: 22 | F5: BR01 | G5: 46115 | H5: 46480 | I5: =IFERROR(MAX(0,$H5-TODAY()),0) -> 335 | J5: 0 | M5: Active
B6: M0004 | C6: ธนวัฒน์ | D6: อยู่ดี | E6: 45 | F6: BR02 | G6: 45785 | H6: 46150 | I6: =IFERROR(MAX(0,$H6-TODAY()),0) -> 5 | J6: 1 | K6: วิชัย | L6: Uxxxx3 | M6: Active
B7: M0005 | C7: อรณิชา | D7: พิทักษ์ | E7: 31 | F7: BR02 | G7: 46085 | H7: 46450 | I7: =IFERROR(MAX(0,$H7-TODAY()),0) -> 305 | J7: 12 | K7: พิมพ์ | M7: Active
I8: =IF($H8="","",MAX(0,$H8-TODAY()))
I9: =IF($H9="","",MAX(0,$H9-TODAY()))
I10: =IF($H10="","",MAX(0,$H10-TODAY()))
I11: =IF($H11="","",MAX(0,$H11-TODAY()))
I12: =IF($H12="","",MAX(0,$H12-TODAY()))
I13: =IF($H13="","",MAX(0,$H13-TODAY()))
I14: =IF($H14="","",MAX(0,$H14-TODAY()))
I15: =IF($H15="","",MAX(0,$H15-TODAY()))
I16: =IF($H16="","",MAX(0,$H16-TODAY()))
I17: =IF($H17="","",MAX(0,$H17-TODAY()))
I18: =IF($H18="","",MAX(0,$H18-TODAY()))
I19: =IF($H19="","",MAX(0,$H19-TODAY()))
... I100: =IF($H100="","",MAX(0,$H100-TODAY()))

Sheet Sales
B1: ประวัติการขาย (เรียลไทม์ · เวลาไทย)
B2: Timestamp | C2: สาขา | D2: EmpID | E2: ประเภท | F2: MemberID | G2: ชื่อสมาชิก | H2: จำนวนเงิน | I2: สลิป (URL) | J2: หมายเหตุ | K2: LINE Notify | L2: Notify เวลา
B3: 46145.569 | C3: BR01 | D3: E002 | E3: MEM | F3: M0003 | G3: สิรินทรา วงศ์ทอง | H3: 12000 | J3: สมัคร 12 เดือน | K3: Pending
B4: 46145.61 | C4: BR01 | D4: E003 | E4: PT | F4: M0001 | G4: ปกรณ์ สมิธ | H4: 8000 | J4: PT 10 ครั้ง | K4: Pending
B5: 46145.631 | C5: BR01 | D5: E002 | E5: Plan | H5: 500 | J5: Plan รายวัน | K5: —
B6: 46145.645 | C6: BR02 | D6: E005 | E6: Train | F6: M0005 | G6: อรณิชา พิทักษ์ | H6: 0 | J6: บันทึกเทรน | K6: —

Sheet Trainings
B1: บันทึกการเทรน (หักชั่วโมงอัตโนมัติเมื่อรหัสเมเนเจอร์ถูกต้อง)
B2: Timestamp | C2: สาขา | D2: MemberID | E2: ชื่อสมาชิก | F2: TrainerID | G2: ชื่อเทรนเนอร์ | H2: Manager Pwd | I2: ตรวจสอบ | J2: หมายเหตุ
I3: =IF($H3="","",IF(IFERROR(VLOOKUP($C3,Settings!$B$6:$G$10,6,FALSE()),"")=$H3,"✓ Verified","✗ Invalid"))
I4: =IF($H4="","",IF(IFERROR(VLOOKUP($C4,Settings!$B$6:$G$10,6,FALSE()),"")=$H4,"✓ Verified","✗ Invalid"))
I5: =IF($H5="","",IF(IFERROR(VLOOKUP($C5,Settings!$B$6:$G$10,6,FALSE()),"")=$H5,"✓ Verified","✗ Invalid"))
I6: =IF($H6="","",IF(IFERROR(VLOOKUP($C6,Settings!$B$6:$G$10,6,FALSE()),"")=$H6,"✓ Verified","✗ Invalid"))
I7: =IF($H7="","",IF(IFERROR(VLOOKUP($C7,Settings!$B$6:$G$10,6,FALSE()),"")=$H7,"✓ Verified","✗ Invalid"))
I8: =IF($H8="","",IF(IFERROR(VLOOKUP($C8,Settings!$B$6:$G$10,6,FALSE()),"")=$H8,"✓ Verified","✗ Invalid"))
I9: =IF($H9="","",IF(IFERROR(VLOOKUP($C9,Settings!$B$6:$G$10,6,FALSE()),"")=$H9,"✓ Verified","✗ Invalid"))
I10: =IF($H10="","",IF(IFERROR(VLOOKUP($C10,Settings!$B$6:$G$10,6,FALSE()),"")=$H10,"✓ Verified","✗ Invalid"))
I11: =IF($H11="","",IF(IFERROR(VLOOKUP($C11,Settings!$B$6:$G$10,6,FALSE()),"")=$H11,"✓ Verified","✗ Invalid"))
I12: =IF($H12="","",IF(IFERROR(VLOOKUP($C12,Settings!$B$6:$G$10,6,FALSE()),"")=$H12,"✓ Verified","✗ Invalid"))
I13: =IF($H13="","",IF(IFERROR(VLOOKUP($C13,Settings!$B$6:$G$10,6,FALSE()),"")=$H13,"✓ Verified","✗ Invalid"))
I14: =IF($H14="","",IF(IFERROR(VLOOKUP($C14,Settings!$B$6:$G$10,6,FALSE()),"")=$H14,"✓ Verified","✗ Invalid"))
... I100: =IF($H100="","",IF(IFERROR(VLOOKUP($C100,Settings!$B$6:$G$10,6,FALSE()),"")=$H100,"✓ Verified","✗ Invalid"))

Sheet Daily_Summary
B1: สรุปยอดรายวัน
B2: วันที่ | C2: สาขา | D2: MEM (฿) | E2: PT (฿) | F2: Plan (฿) | G2: รวม (฿) | H2: เทรน (ครั้ง) | I2: งานเข้า | K2: วันที่ | L2: รวมทุกสาขา (฿)
B3: 46132 | C3: BR01 | D3: =SUMIFS(Sales!$H:$H, Sales!$C:$C,$C3, Sales!$E:$E,"MEM", Sales!$B:$B,">="&$B3, Sales!$B:$B,"<"&$B3+1) -> 0 | E3: =SUMIFS(Sales!$H:$H, Sales!$C:$C,$C3, Sales!$E:$E,"PT", Sales!$B:$B,">="&$B3, Sales!$B:$B,"<"&$B3+1) -> 0 | F3: =SUMIFS(Sales!$H:$H, Sales!$C:$C,$C3, Sales!$E:$E,"Plan", Sales!$B:$B,">="&$B3, Sales!$B:$B,"<"&$B3+1) -> 0 | G3: =SUM(D3:F3) -> 0 | H3: =COUNTIFS(Trainings!$C:$C,$C3, Trainings!$I:$I,"✓ Verified", Trainings!$B:$B,">="&$B3, Trainings!$B:$B,"<"&$B3+1) -> 0 | I3: =COUNTIFS(Sales!$C:$C,$C3, Sales!$B:$B,">="&$B3, Sales!$B:$B,"<"&$B3+1) -> 0 | K3: 46132 | L3: =SUMIFS(Sales!$H:$H, Sales!$E:$E, "<>Train", Sales!$B:$B,">="&K3, Sales!$B:$B,"<"&K3+1) -> 0
B4: 46132 | C4: BR02 | D4: =SUMIFS(Sales!$H:$H, Sales!$C:$C,$C4, Sales!$E:$E,"MEM", Sales!$B:$B,">="&$B4, Sales!$B:$B,"<"&$B4+1) -> 0 | E4: =SUMIFS(Sales!$H:$H, Sales!$C:$C,$C4, Sales!$E:$E,"PT", Sales!$B:$B,">="&$B4, Sales!$B:$B,"<"&$B4+1) -> 0 | F4: =SUMIFS(Sales!$H:$H, Sales!$C:$C,$C4, Sales!$E:$E,"Plan", Sales!$B:$B,">="&$B4, Sales!$B:$B,"<"&$B4+1) -> 0 | G4: =SUM(D4:F4) -> 0 | H4: =COUNTIFS(Trainings!$C:$C,$C4, Trainings!$I:$I,"✓ Verified", Trainings!$B:$B,">="&$B4, Trainings!$B:$B,"<"&$B4+1) -> 0 | I4: =COUNTIFS(Sales!$C:$C,$C4, Sales!$B:$B,">="&$B4, Sales!$B:$B,"<"&$B4+1) -> 0 | K4: 46133 | L4: =SUMIFS(Sales!$H:$H, Sales!$E:$E, "<>Train", Sales!$B:$B,">="&K4, Sales!$B:$B,"<"&K4+1) -> 0
B5: 46132 | C5: BR03 | D5: =SUMIFS(Sales!$H:$H, Sales!$C:$C,$C5, Sales!$E:$E,"MEM", Sales!$B:$B,">="&$B5, Sales!$B:$B,"<"&$B5+1) -> 0 | E5: =SUMIFS(Sales!$H:$H, Sales!$C:$C,$C5, Sales!$E:$E,"PT", Sales!$B:$B,">="&$B5, Sales!$B:$B,"<"&$B5+1) -> 0 | F5: =SUMIFS(Sales!$H:$H, Sales!$C:$C,$C5, Sales!$E:$E,"Plan", Sales!$B:$B,">="&$B5, Sales!$B:$B,"<"&$B5+1) -> 0 | G5: =SUM(D5:F5) -> 0 | H5: =COUNTIFS(Trainings!$C:$C,$C5, Trainings!$I:$I,"✓ Verified", Trainings!$B:$B,">="&$B5, Trainings!$B:$B,"<"&$B5+1) -> 0 | I5: =COUNTIFS(Sales!$C:$C,$C5, Sales!$B:$B,">="&$B5, Sales!$B:$B,"<"&$B5+1) -> 0 | K5: 46134 | L5: =SUMIFS(Sales!$H:$H, Sales!$E:$E, "<>Train", Sales!$B:$B,">="&K5, Sales!$B:$B,"<"&K5+1) -> 0
B6: 46133 | C6: BR01 | D6: =SUMIFS(Sales!$H:$H, Sales!$C:$C,$C6, Sales!$E:$E,"MEM", Sales!$B:$B,">="&$B6, Sales!$B:$B,"<"&$B6+1) -> 0 | E6: =SUMIFS(Sales!$H:$H, Sales!$C:$C,$C6, Sales!$E:$E,"PT", Sales!$B:$B,">="&$B6, Sales!$B:$B,"<"&$B6+1) -> 0 | F6: =SUMIFS(Sales!$H:$H, Sales!$C:$C,$C6, Sales!$E:$E,"Plan", Sales!$B:$B,">="&$B6, Sales!$B:$B,"<"&$B6+1) -> 0 | G6: =SUM(D6:F6) -> 0 | H6: =COUNTIFS(Trainings!$C:$C,$C6, Trainings!$I:$I,"✓ Verified", Trainings!$B:$B,">="&$B6, Trainings!$B:$B,"<"&$B6+1) -> 0 | I6: =COUNTIFS(Sales!$C:$C,$C6, Sales!$B:$B,">="&$B6, Sales!$B:$B,"<"&$B6+1) -> 0 | K6: 46135 | L6: =SUMIFS(Sales!$H:$H, Sales!$E:$E, "<>Train", Sales!$B:$B,">="&K6, Sales!$B:$B,"<"&K6+1) -> 0
B7: 46133 | C7: BR02 | D7: =SUMIFS(Sales!$H:$H, Sales!$C:$C,$C7, Sales!$E:$E,"MEM", Sales!$B:$B,">="&$B7, Sales!$B:$B,"<"&$B7+1) -> 0 | E7: =SUMIFS(Sales!$H:$H, Sales!$C:$C,$C7, Sales!$E:$E,"PT", Sales!$B:$B,">="&$B7, Sales!$B:$B,"<"&$B7+1) -> 0 | F7: =SUMIFS(Sales!$H:$H, Sales!$C:$C,$C7, Sales!$E:$E,"Plan", Sales!$B:$B,">="&$B7, Sales!$B:$B,"<"&$B7+1) -> 0 | G7: =SUM(D7:F7) -> 0 | H7: =COUNTIFS(Trainings!$C:$C,$C7, Trainings!$I:$I,"✓ Verified", Trainings!$B:$B,">="&$B7, Trainings!$B:$B,"<"&$B7+1) -> 0 | I7: =COUNTIFS(Sales!$C:$C,$C7, Sales!$B:$B,">="&$B7, Sales!$B:$B,"<"&$B7+1) -> 0 | K7: 46136 | L7: =SUMIFS(Sales!$H:$H, Sales!$E:$E, "<>Train", Sales!$B:$B,">="&K7, Sales!$B:$B,"<"&K7+1) -> 0
B8: 46133 | C8: BR03 | D8: =SUMIFS(Sales!$H:$H, Sales!$C:$C,$C8, Sales!$E:$E,"MEM", Sales!$B:$B,">="&$B8, Sales!$B:$B,"<"&$B8+1) -> 0 | E8: =SUMIFS(Sales!$H:$H, Sales!$C:$C,$C8, Sales!$E:$E,"PT", Sales!$B:$B,">="&$B8, Sales!$B:$B,"<"&$B8+1) -> 0 | F8: =SUMIFS(Sales!$H:$H, Sales!$C:$C,$C8, Sales!$E:$E,"Plan", Sales!$B:$B,">="&$B8, Sales!$B:$B,"<"&$B8+1) -> 0 | G8: =SUM(D8:F8) -> 0 | H8: =COUNTIFS(Trainings!$C:$C,$C8, Trainings!$I:$I,"✓ Verified", Trainings!$B:$B,">="&$B8, Trainings!$B:$B,"<"&$B8+1) -> 0 | I8: =COUNTIFS(Sales!$C:$C,$C8, Sales!$B:$B,">="&$B8, Sales!$B:$B,"<"&$B8+1) -> 0 | K8: 46137 | L8: =SUMIFS(Sales!$H:$H, Sales!$E:$E, "<>Train", Sales!$B:$B,">="&K8, Sales!$B:$B,"<"&K8+1) -> 0
B9: 46134 | C9: BR01 | D9: =SUMIFS(Sales!$H:$H, Sales!$C:$C,$C9, Sales!$E:$E,"MEM", Sales!$B:$B,">="&$B9, Sales!$B:$B,"<"&$B9+1) -> 0 | E9: =SUMIFS(Sales!$H:$H, Sales!$C:$C,$C9, Sales!$E:$E,"PT", Sales!$B:$B,">="&$B9, Sales!$B:$B,"<"&$B9+1) -> 0 | F9: =SUMIFS(Sales!$H:$H, Sales!$C:$C,$C9, Sales!$E:$E,"Plan", Sales!$B:$B,">="&$B9, Sales!$B:$B,"<"&$B9+1) -> 0 | G9: =SUM(D9:F9) -> 0 | H9: =COUNTIFS(Trainings!$C:$C,$C9, Trainings!$I:$I,"✓ Verified", Trainings!$B:$B,">="&$B9, Trainings!$B:$B,"<"&$B9+1) -> 0 | I9: =COUNTIFS(Sales!$C:$C,$C9, Sales!$B:$B,">="&$B9, Sales!$B:$B,"<"&$B9+1) -> 0 | K9: 46138 | L9: =SUMIFS(Sales!$H:$H, Sales!$E:$E, "<>Train", Sales!$B:$B,">="&K9, Sales!$B:$B,"<"&K9+1) -> 0
B10: 46134 | C10: BR02 | D10: =SUMIFS(Sales!$H:$H, Sales!$C:$C,$C10, Sales!$E:$E,"MEM", Sales!$B:$B,">="&$B10, Sales!$B:$B,"<"&$B10+1) -> 0 | E10: =SUMIFS(Sales!$H:$H, Sales!$C:$C,$C10, Sales!$E:$E,"PT", Sales!$B:$B,">="&$B10, Sales!$B:$B,"<"&$B10+1) -> 0 | F10: =SUMIFS(Sales!$H:$H, Sales!$C:$C,$C10, Sales!$E:$E,"Plan", Sales!$B:$B,">="&$B10, Sales!$B:$B,"<"&$B10+1) -> 0 | G10: =SUM(D10:F10) -> 0 | H10: =COUNTIFS(Trainings!$C:$C,$C10, Trainings!$I:$I,"✓ Verified", Trainings!$B:$B,">="&$B10, Trainings!$B:$B,"<"&$B10+1) -> 0 | I10: =COUNTIFS(Sales!$C:$C,$C10, Sales!$B:$B,">="&$B10, Sales!$B:$B,"<"&$B10+1) -> 0 | K10: 46139 | L10: =SUMIFS(Sales!$H:$H, Sales!$E:$E, "<>Train", Sales!$B:$B,">="&K10, Sales!$B:$B,"<"&K10+1) -> 0
B11: 46134 | C11: BR03 | D11: =SUMIFS(Sales!$H:$H, Sales!$C:$C,$C11, Sales!$E:$E,"MEM", Sales!$B:$B,">="&$B11, Sales!$B:$B,"<"&$B11+1) -> 0 | E11: =SUMIFS(Sales!$H:$H, Sales!$C:$C,$C11, Sales!$E:$E,"PT", Sales!$B:$B,">="&$B11, Sales!$B:$B,"<"&$B11+1) -> 0 | F11: =SUMIFS(Sales!$H:$H, Sales!$C:$C,$C11, Sales!$E:$E,"Plan", Sales!$B:$B,">="&$B11, Sales!$B:$B,"<"&$B11+1) -> 0 | G11: =SUM(D11:F11) -> 0 | H11: =COUNTIFS(Trainings!$C:$C,$C11, Trainings!$I:$I,"✓ Verified", Trainings!$B:$B,">="&$B11, Trainings!$B:$B,"<"&$B11+1) -> 0 | I11: =COUNTIFS(Sales!$C:$C,$C11, Sales!$B:$B,">="&$B11, Sales!$B:$B,"<"&$B11+1) -> 0 | K11: 46140 | L11: =SUMIFS(Sales!$H:$H, Sales!$E:$E, "<>Train", Sales!$B:$B,">="&K11, Sales!$B:$B,"<"&K11+1) -> 0
B12: 46135 | C12: BR01 | D12: =SUMIFS(Sales!$H:$H, Sales!$C:$C,$C12, Sales!$E:$E,"MEM", Sales!$B:$B,">="&$B12, Sales!$B:$B,"<"&$B12+1) -> 0 | E12: =SUMIFS(Sales!$H:$H, Sales!$C:$C,$C12, Sales!$E:$E,"PT", Sales!$B:$B,">="&$B12, Sales!$B:$B,"<"&$B12+1) -> 0 | F12: =SUMIFS(Sales!$H:$H, Sales!$C:$C,$C12, Sales!$E:$E,"Plan", Sales!$B:$B,">="&$B12, Sales!$B:$B,"<"&$B12+1) -> 0 | G12: =SUM(D12:F12) -> 0 | H12: =COUNTIFS(Trainings!$C:$C,$C12, Trainings!$I:$I,"✓ Verified", Trainings!$B:$B,">="&$B12, Trainings!$B:$B,"<"&$B12+1) -> 0 | I12: =COUNTIFS(Sales!$C:$C,$C12, Sales!$B:$B,">="&$B12, Sales!$B:$B,"<"&$B12+1) -> 0 | K12: 46141 | L12: =SUMIFS(Sales!$H:$H, Sales!$E:$E, "<>Train", Sales!$B:$B,">="&K12, Sales!$B:$B,"<"&K12+1) -> 0
B13: 46135 | C13: BR02 | D13: =SUMIFS(Sales!$H:$H, Sales!$C:$C,$C13, Sales!$E:$E,"MEM", Sales!$B:$B,">="&$B13, Sales!$B:$B,"<"&$B13+1) -> 0 | E13: =SUMIFS(Sales!$H:$H, Sales!$C:$C,$C13, Sales!$E:$E,"PT", Sales!$B:$B,">="&$B13, Sales!$B:$B,"<"&$B13+1) -> 0 | F13: =SUMIFS(Sales!$H:$H, Sales!$C:$C,$C13, Sales!$E:$E,"Plan", Sales!$B:$B,">="&$B13, Sales!$B:$B,"<"&$B13+1) -> 0 | G13: =SUM(D13:F13) -> 0 | H13: =COUNTIFS(Trainings!$C:$C,$C13, Trainings!$I:$I,"✓ Verified", Trainings!$B:$B,">="&$B13, Trainings!$B:$B,"<"&$B13+1) -> 0 | I13: =COUNTIFS(Sales!$C:$C,$C13, Sales!$B:$B,">="&$B13, Sales!$B:$B,"<"&$B13+1) -> 0 | K13: 46142 | L13: =SUMIFS(Sales!$H:$H, Sales!$E:$E, "<>Train", Sales!$B:$B,">="&K13, Sales!$B:$B,"<"&K13+1) -> 0
B14: 46135 | C14: BR03 | D14: =SUMIFS(Sales!$H:$H, Sales!$C:$C,$C14, Sales!$E:$E,"MEM", Sales!$B:$B,">="&$B14, Sales!$B:$B,"<"&$B14+1) -> 0 | E14: =SUMIFS(Sales!$H:$H, Sales!$C:$C,$C14, Sales!$E:$E,"PT", Sales!$B:$B,">="&$B14, Sales!$B:$B,"<"&$B14+1) -> 0 | F14: =SUMIFS(Sales!$H:$H, Sales!$C:$C,$C14, Sales!$E:$E,"Plan", Sales!$B:$B,">="&$B14, Sales!$B:$B,"<"&$B14+1) -> 0 | G14: =SUM(D14:F14) -> 0 | H14: =COUNTIFS(Trainings!$C:$C,$C14, Trainings!$I:$I,"✓ Verified", Trainings!$B:$B,">="&$B14, Trainings!$B:$B,"<"&$B14+1) -> 0 | I14: =COUNTIFS(Sales!$C:$C,$C14, Sales!$B:$B,">="&$B14, Sales!$B:$B,"<"&$B14+1) -> 0 | K14: 46143 | L14: =SUMIFS(Sales!$H:$H, Sales!$E:$E, "<>Train", Sales!$B:$B,">="&K14, Sales!$B:$B,"<"&K14+1) -> 0
... B16: 46136 | C16: BR02 | D16: =SUMIFS(Sales!$H:$H, Sales!$C:$C,$C16, Sales!$E:$E,"MEM", Sales!$B:$B,">="&$B16, Sales!$B:$B,"<"&$B16+1) -> 0 | E16: =SUMIFS(Sales!$H:$H, Sales!$C:$C,$C16, Sales!$E:$E,"PT", Sales!$B:$B,">="&$B16, Sales!$B:$B,"<"&$B16+1) -> 0 | F16: =SUMIFS(Sales!$H:$H, Sales!$C:$C,$C16, Sales!$E:$E,"Plan", Sales!$B:$B,">="&$B16, Sales!$B:$B,"<"&$B16+1) -> 0 | G16: =SUM(D16:F16) -> 0 | H16: =COUNTIFS(Trainings!$C:$C,$C16, Trainings!$I:$I,"✓ Verified", Trainings!$B:$B,">="&$B16, Trainings!$B:$B,"<"&$B16+1) -> 0 | I16: =COUNTIFS(Sales!$C:$C,$C16, Sales!$B:$B,">="&$B16, Sales!$B:$B,"<"&$B16+1) -> 0 | K16: 46145 | L16: =SUMIFS(Sales!$H:$H, Sales!$E:$E, "<>Train", Sales!$B:$B,">="&K16, Sales!$B:$B,"<"&K16+1) -> 20500
B17: 46136 | C17: BR03 | D17: =SUMIFS(Sales!$H:$H, Sales!$C:$C,$C17, Sales!$E:$E,"MEM", Sales!$B:$B,">="&$B17, Sales!$B:$B,"<"&$B17+1) -> 0 | E17: =SUMIFS(Sales!$H:$H, Sales!$C:$C,$C17, Sales!$E:$E,"PT", Sales!$B:$B,">="&$B17, Sales!$B:$B,"<"&$B17+1) -> 0 | F17: =SUMIFS(Sales!$H:$H, Sales!$C:$C,$C17, Sales!$E:$E,"Plan", Sales!$B:$B,">="&$B17, Sales!$B:$B,"<"&$B17+1) -> 0 | G17: =SUM(D17:F17) -> 0 | H17: =COUNTIFS(Trainings!$C:$C,$C17, Trainings!$I:$I,"✓ Verified", Trainings!$B:$B,">="&$B17, Trainings!$B:$B,"<"&$B17+1) -> 0 | I17: =COUNTIFS(Sales!$C:$C,$C17, Sales!$B:$B,">="&$B17, Sales!$B:$B,"<"&$B17+1) -> 0
B18: 46137 | C18: BR01 | D18: =SUMIFS(Sales!$H:$H, Sales!$C:$C,$C18, Sales!$E:$E,"MEM", Sales!$B:$B,">="&$B18, Sales!$B:$B,"<"&$B18+1) -> 0 | E18: =SUMIFS(Sales!$H:$H, Sales!$C:$C,$C18, Sales!$E:$E,"PT", Sales!$B:$B,">="&$B18, Sales!$B:$B,"<"&$B18+1) -> 0 | F18: =SUMIFS(Sales!$H:$H, Sales!$C:$C,$C18, Sales!$E:$E,"Plan", Sales!$B:$B,">="&$B18, Sales!$B:$B,"<"&$B18+1) -> 0 | G18: =SUM(D18:F18) -> 0 | H18: =COUNTIFS(Trainings!$C:$C,$C18, Trainings!$I:$I,"✓ Verified", Trainings!$B:$B,">="&$B18, Trainings!$B:$B,"<"&$B18+1) -> 0 | I18: =COUNTIFS(Sales!$C:$C,$C18, Sales!$B:$B,">="&$B18, Sales!$B:$B,"<"&$B18+1) -> 0
B19: 46137 | C19: BR02 | D19: =SUMIFS(Sales!$H:$H, Sales!$C:$C,$C19, Sales!$E:$E,"MEM", Sales!$B:$B,">="&$B19, Sales!$B:$B,"<"&$B19+1) -> 0 | E19: =SUMIFS(Sales!$H:$H, Sales!$C:$C,$C19, Sales!$E:$E,"PT", Sales!$B:$B,">="&$B19, Sales!$B:$B,"<"&$B19+1) -> 0 | F19: =SUMIFS(Sales!$H:$H, Sales!$C:$C,$C19, Sales!$E:$E,"Plan", Sales!$B:$B,">="&$B19, Sales!$B:$B,"<"&$B19+1) -> 0 | G19: =SUM(D19:F19) -> 0 | H19: =COUNTIFS(Trainings!$C:$C,$C19, Trainings!$I:$I,"✓ Verified", Trainings!$B:$B,">="&$B19, Trainings!$B:$B,"<"&$B19+1) -> 0 | I19: =COUNTIFS(Sales!$C:$C,$C19, Sales!$B:$B,">="&$B19, Sales!$B:$B,"<"&$B19+1) -> 0
B20: 46137 | C20: BR03 | D20: =SUMIFS(Sales!$H:$H, Sales!$C:$C,$C20, Sales!$E:$E,"MEM", Sales!$B:$B,">="&$B20, Sales!$B:$B,"<"&$B20+1) -> 0 | E20: =SUMIFS(Sales!$H:$H, Sales!$C:$C,$C20, Sales!$E:$E,"PT", Sales!$B:$B,">="&$B20, Sales!$B:$B,"<"&$B20+1) -> 0 | F20: =SUMIFS(Sales!$H:$H, Sales!$C:$C,$C20, Sales!$E:$E,"Plan", Sales!$B:$B,">="&$B20, Sales!$B:$B,"<"&$B20+1) -> 0 | G20: =SUM(D20:F20) -> 0 | H20: =COUNTIFS(Trainings!$C:$C,$C20, Trainings!$I:$I,"✓ Verified", Trainings!$B:$B,">="&$B20, Trainings!$B:$B,"<"&$B20+1) -> 0 | I20: =COUNTIFS(Sales!$C:$C,$C20, Sales!$B:$B,">="&$B20, Sales!$B:$B,"<"&$B20+1) -> 0 | K20: สาขา | L20: ยอด 14 วัน (฿)
B21: 46138 | C21: BR01 | D21: =SUMIFS(Sales!$H:$H, Sales!$C:$C,$C21, Sales!$E:$E,"MEM", Sales!$B:$B,">="&$B21, Sales!$B:$B,"<"&$B21+1) -> 0 | E21: =SUMIFS(Sales!$H:$H, Sales!$C:$C,$C21, Sales!$E:$E,"PT", Sales!$B:$B,">="&$B21, Sales!$B:$B,"<"&$B21+1) -> 0 | F21: =SUMIFS(Sales!$H:$H, Sales!$C:$C,$C21, Sales!$E:$E,"Plan", Sales!$B:$B,">="&$B21, Sales!$B:$B,"<"&$B21+1) -> 0 | G21: =SUM(D21:F21) -> 0 | H21: =COUNTIFS(Trainings!$C:$C,$C21, Trainings!$I:$I,"✓ Verified", Trainings!$B:$B,">="&$B21, Trainings!$B:$B,"<"&$B21+1) -> 0 | I21: =COUNTIFS(Sales!$C:$C,$C21, Sales!$B:$B,">="&$B21, Sales!$B:$B,"<"&$B21+1) -> 0 | K21: BR01 | L21: =SUMIFS(Sales!$H:$H, Sales!$C:$C, K21, Sales!$E:$E,"<>Train", Sales!$B:$B,">="&(TODAY()-13)) -> 20500
B22: 46138 | C22: BR02 | D22: =SUMIFS(Sales!$H:$H, Sales!$C:$C,$C22, Sales!$E:$E,"MEM", Sales!$B:$B,">="&$B22, Sales!$B:$B,"<"&$B22+1) -> 0 | E22: =SUMIFS(Sales!$H:$H, Sales!$C:$C,$C22, Sales!$E:$E,"PT", Sales!$B:$B,">="&$B22, Sales!$B:$B,"<"&$B22+1) -> 0 | F22: =SUMIFS(Sales!$H:$H, Sales!$C:$C,$C22, Sales!$E:$E,"Plan", Sales!$B:$B,">="&$B22, Sales!$B:$B,"<"&$B22+1) -> 0 | G22: =SUM(D22:F22) -> 0 | H22: =COUNTIFS(Trainings!$C:$C,$C22, Trainings!$I:$I,"✓ Verified", Trainings!$B:$B,">="&$B22, Trainings!$B:$B,"<"&$B22+1) -> 0 | I22: =COUNTIFS(Sales!$C:$C,$C22, Sales!$B:$B,">="&$B22, Sales!$B:$B,"<"&$B22+1) -> 0 | K22: BR02 | L22: =SUMIFS(Sales!$H:$H, Sales!$C:$C, K22, Sales!$E:$E,"<>Train", Sales!$B:$B,">="&(TODAY()-13)) -> 0
B23: 46138 | C23: BR03 | D23: =SUMIFS(Sales!$H:$H, Sales!$C:$C,$C23, Sales!$E:$E,"MEM", Sales!$B:$B,">="&$B23, Sales!$B:$B,"<"&$B23+1) -> 0 | E23: =SUMIFS(Sales!$H:$H, Sales!$C:$C,$C23, Sales!$E:$E,"PT", Sales!$B:$B,">="&$B23, Sales!$B:$B,"<"&$B23+1) -> 0 | F23: =SUMIFS(Sales!$H:$H, Sales!$C:$C,$C23, Sales!$E:$E,"Plan", Sales!$B:$B,">="&$B23, Sales!$B:$B,"<"&$B23+1) -> 0 | G23: =SUM(D23:F23) -> 0 | H23: =COUNTIFS(Trainings!$C:$C,$C23, Trainings!$I:$I,"✓ Verified", Trainings!$B:$B,">="&$B23, Trainings!$B:$B,"<"&$B23+1) -> 0 | I23: =COUNTIFS(Sales!$C:$C,$C23, Sales!$B:$B,">="&$B23, Sales!$B:$B,"<"&$B23+1) -> 0 | K23: BR03 | L23: =SUMIFS(Sales!$H:$H, Sales!$C:$C, K23, Sales!$E:$E,"<>Train", Sales!$B:$B,">="&(TODAY()-13)) -> 0
B24: 46139 | C24: BR01 | D24: =SUMIFS(Sales!$H:$H, Sales!$C:$C,$C24, Sales!$E:$E,"MEM", Sales!$B:$B,">="&$B24, Sales!$B:$B,"<"&$B24+1) -> 0 | E24: =SUMIFS(Sales!$H:$H, Sales!$C:$C,$C24, Sales!$E:$E,"PT", Sales!$B:$B,">="&$B24, Sales!$B:$B,"<"&$B24+1) -> 0 | F24: =SUMIFS(Sales!$H:$H, Sales!$C:$C,$C24, Sales!$E:$E,"Plan", Sales!$B:$B,">="&$B24, Sales!$B:$B,"<"&$B24+1) -> 0 | G24: =SUM(D24:F24) -> 0 | H24: =COUNTIFS(Trainings!$C:$C,$C24, Trainings!$I:$I,"✓ Verified", Trainings!$B:$B,">="&$B24, Trainings!$B:$B,"<"&$B24+1) -> 0 | I24: =COUNTIFS(Sales!$C:$C,$C24, Sales!$B:$B,">="&$B24, Sales!$B:$B,"<"&$B24+1) -> 0
B25: 46139 | C25: BR02 | D25: =SUMIFS(Sales!$H:$H, Sales!$C:$C,$C25, Sales!$E:$E,"MEM", Sales!$B:$B,">="&$B25, Sales!$B:$B,"<"&$B25+1) -> 0 | E25: =SUMIFS(Sales!$H:$H, Sales!$C:$C,$C25, Sales!$E:$E,"PT", Sales!$B:$B,">="&$B25, Sales!$B:$B,"<"&$B25+1) -> 0 | F25: =SUMIFS(Sales!$H:$H, Sales!$C:$C,$C25, Sales!$E:$E,"Plan", Sales!$B:$B,">="&$B25, Sales!$B:$B,"<"&$B25+1) -> 0 | G25: =SUM(D25:F25) -> 0 | H25: =COUNTIFS(Trainings!$C:$C,$C25, Trainings!$I:$I,"✓ Verified", Trainings!$B:$B,">="&$B25, Trainings!$B:$B,"<"&$B25+1) -> 0 | I25: =COUNTIFS(Sales!$C:$C,$C25, Sales!$B:$B,">="&$B25, Sales!$B:$B,"<"&$B25+1) -> 0
B26: 46139 | C26: BR03 | D26: =SUMIFS(Sales!$H:$H, Sales!$C:$C,$C26, Sales!$E:$E,"MEM", Sales!$B:$B,">="&$B26, Sales!$B:$B,"<"&$B26+1) -> 0 | E26: =SUMIFS(Sales!$H:$H, Sales!$C:$C,$C26, Sales!$E:$E,"PT", Sales!$B:$B,">="&$B26, Sales!$B:$B,"<"&$B26+1) -> 0 | F26: =SUMIFS(Sales!$H:$H, Sales!$C:$C,$C26, Sales!$E:$E,"Plan", Sales!$B:$B,">="&$B26, Sales!$B:$B,"<"&$B26+1) -> 0 | G26: =SUM(D26:F26) -> 0 | H26: =COUNTIFS(Trainings!$C:$C,$C26, Trainings!$I:$I,"✓ Verified", Trainings!$B:$B,">="&$B26, Trainings!$B:$B,"<"&$B26+1) -> 0 | I26: =COUNTIFS(Sales!$C:$C,$C26, Sales!$B:$B,">="&$B26, Sales!$B:$B,"<"&$B26+1) -> 0
B27: 46140 | C27: BR01 | D27: =SUMIFS(Sales!$H:$H, Sales!$C:$C,$C27, Sales!$E:$E,"MEM", Sales!$B:$B,">="&$B27, Sales!$B:$B,"<"&$B27+1) -> 0 | E27: =SUMIFS(Sales!$H:$H, Sales!$C:$C,$C27, Sales!$E:$E,"PT", Sales!$B:$B,">="&$B27, Sales!$B:$B,"<"&$B27+1) -> 0 | F27: =SUMIFS(Sales!$H:$H, Sales!$C:$C,$C27, Sales!$E:$E,"Plan", Sales!$B:$B,">="&$B27, Sales!$B:$B,"<"&$B27+1) -> 0 | G27: =SUM(D27:F27) -> 0 | H27: =COUNTIFS(Trainings!$C:$C,$C27, Trainings!$I:$I,"✓ Verified", Trainings!$B:$B,">="&$B27, Trainings!$B:$B,"<"&$B27+1) -> 0 | I27: =COUNTIFS(Sales!$C:$C,$C27, Sales!$B:$B,">="&$B27, Sales!$B:$B,"<"&$B27+1) -> 0
B28: 46140 | C28: BR02 | D28: =SUMIFS(Sales!$H:$H, Sales!$C:$C,$C28, Sales!$E:$E,"MEM", Sales!$B:$B,">="&$B28, Sales!$B:$B,"<"&$B28+1) -> 0 | E28: =SUMIFS(Sales!$H:$H, Sales!$C:$C,$C28, Sales!$E:$E,"PT", Sales!$B:$B,">="&$B28, Sales!$B:$B,"<"&$B28+1) -> 0 | F28: =SUMIFS(Sales!$H:$H, Sales!$C:$C,$C28, Sales!$E:$E,"Plan", Sales!$B:$B,">="&$B28, Sales!$B:$B,"<"&$B28+1) -> 0 | G28: =SUM(D28:F28) -> 0 | H28: =COUNTIFS(Trainings!$C:$C,$C28, Trainings!$I:$I,"✓ Verified", Trainings!$B:$B,">="&$B28, Trainings!$B:$B,"<"&$B28+1) -> 0 | I28: =COUNTIFS(Sales!$C:$C,$C28, Sales!$B:$B,">="&$B28, Sales!$B:$B,"<"&$B28+1) -> 0
B29: 46140 | C29: BR03 | D29: =SUMIFS(Sales!$H:$H, Sales!$C:$C,$C29, Sales!$E:$E,"MEM", Sales!$B:$B,">="&$B29, Sales!$B:$B,"<"&$B29+1) -> 0 | E29: =SUMIFS(Sales!$H:$H, Sales!$C:$C,$C29, Sales!$E:$E,"PT", Sales!$B:$B,">="&$B29, Sales!$B:$B,"<"&$B29+1) -> 0 | F29: =SUMIFS(Sales!$H:$H, Sales!$C:$C,$C29, Sales!$E:$E,"Plan", Sales!$B:$B,">="&$B29, Sales!$B:$B,"<"&$B29+1) -> 0 | G29: =SUM(D29:F29) -> 0 | H29: =COUNTIFS(Trainings!$C:$C,$C29, Trainings!$I:$I,"✓ Verified", Trainings!$B:$B,">="&$B29, Trainings!$B:$B,"<"&$B29+1) -> 0 | I29: =COUNTIFS(Sales!$C:$C,$C29, Sales!$B:$B,">="&$B29, Sales!$B:$B,"<"&$B29+1) -> 0
B30: 46141 | C30: BR01 | D30: =SUMIFS(Sales!$H:$H, Sales!$C:$C,$C30, Sales!$E:$E,"MEM", Sales!$B:$B,">="&$B30, Sales!$B:$B,"<"&$B30+1) -> 0 | E30: =SUMIFS(Sales!$H:$H, Sales!$C:$C,$C30, Sales!$E:$E,"PT", Sales!$B:$B,">="&$B30, Sales!$B:$B,"<"&$B30+1) -> 0 | F30: =SUMIFS(Sales!$H:$H, Sales!$C:$C,$C30, Sales!$E:$E,"Plan", Sales!$B:$B,">="&$B30, Sales!$B:$B,"<"&$B30+1) -> 0 | G30: =SUM(D30:F30) -> 0 | H30: =COUNTIFS(Trainings!$C:$C,$C30, Trainings!$I:$I,"✓ Verified", Trainings!$B:$B,">="&$B30, Trainings!$B:$B,"<"&$B30+1) -> 0 | I30: =COUNTIFS(Sales!$C:$C,$C30, Sales!$B:$B,">="&$B30, Sales!$B:$B,"<"&$B30+1) -> 0
B31: 46141 | C31: BR02 | D31: =SUMIFS(Sales!$H:$H, Sales!$C:$C,$C31, Sales!$E:$E,"MEM", Sales!$B:$B,">="&$B31, Sales!$B:$B,"<"&$B31+1) -> 0 | E31: =SUMIFS(Sales!$H:$H, Sales!$C:$C,$C31, Sales!$E:$E,"PT", Sales!$B:$B,">="&$B31, Sales!$B:$B,"<"&$B31+1) -> 0 | F31: =SUMIFS(Sales!$H:$H, Sales!$C:$C,$C31, Sales!$E:$E,"Plan", Sales!$B:$B,">="&$B31, Sales!$B:$B,"<"&$B31+1) -> 0 | G31: =SUM(D31:F31) -> 0 | H31: =COUNTIFS(Trainings!$C:$C,$C31, Trainings!$I:$I,"✓ Verified", Trainings!$B:$B,">="&$B31, Trainings!$B:$B,"<"&$B31+1) -> 0 | I31: =COUNTIFS(Sales!$C:$C,$C31, Sales!$B:$B,">="&$B31, Sales!$B:$B,"<"&$B31+1) -> 0
B32: 46141 | C32: BR03 | D32: =SUMIFS(Sales!$H:$H, Sales!$C:$C,$C32, Sales!$E:$E,"MEM", Sales!$B:$B,">="&$B32, Sales!$B:$B,"<"&$B32+1) -> 0 | E32: =SUMIFS(Sales!$H:$H, Sales!$C:$C,$C32, Sales!$E:$E,"PT", Sales!$B:$B,">="&$B32, Sales!$B:$B,"<"&$B32+1) -> 0 | F32: =SUMIFS(Sales!$H:$H, Sales!$C:$C,$C32, Sales!$E:$E,"Plan", Sales!$B:$B,">="&$B32, Sales!$B:$B,"<"&$B32+1) -> 0 | G32: =SUM(D32:F32) -> 0 | H32: =COUNTIFS(Trainings!$C:$C,$C32, Trainings!$I:$I,"✓ Verified", Trainings!$B:$B,">="&$B32, Trainings!$B:$B,"<"&$B32+1) -> 0 | I32: =COUNTIFS(Sales!$C:$C,$C32, Sales!$B:$B,">="&$B32, Sales!$B:$B,"<"&$B32+1) -> 0
B33: 46142 | C33: BR01 | D33: =SUMIFS(Sales!$H:$H, Sales!$C:$C,$C33, Sales!$E:$E,"MEM", Sales!$B:$B,">="&$B33, Sales!$B:$B,"<"&$B33+1) -> 0 | E33: =SUMIFS(Sales!$H:$H, Sales!$C:$C,$C33, Sales!$E:$E,"PT", Sales!$B:$B,">="&$B33, Sales!$B:$B,"<"&$B33+1) -> 0 | F33: =SUMIFS(Sales!$H:$H, Sales!$C:$C,$C33, Sales!$E:$E,"Plan", Sales!$B:$B,">="&$B33, Sales!$B:$B,"<"&$B33+1) -> 0 | G33: =SUM(D33:F33) -> 0 | H33: =COUNTIFS(Trainings!$C:$C,$C33, Trainings!$I:$I,"✓ Verified", Trainings!$B:$B,">="&$B33, Trainings!$B:$B,"<"&$B33+1) -> 0 | I33: =COUNTIFS(Sales!$C:$C,$C33, Sales!$B:$B,">="&$B33, Sales!$B:$B,"<"&$B33+1) -> 0
B34: 46142 | C34: BR02 | D34: =SUMIFS(Sales!$H:$H, Sales!$C:$C,$C34, Sales!$E:$E,"MEM", Sales!$B:$B,">="&$B34, Sales!$B:$B,"<"&$B34+1) -> 0 | E34: =SUMIFS(Sales!$H:$H, Sales!$C:$C,$C34, Sales!$E:$E,"PT", Sales!$B:$B,">="&$B34, Sales!$B:$B,"<"&$B34+1) -> 0 | F34: =SUMIFS(Sales!$H:$H, Sales!$C:$C,$C34, Sales!$E:$E,"Plan", Sales!$B:$B,">="&$B34, Sales!$B:$B,"<"&$B34+1) -> 0 | G34: =SUM(D34:F34) -> 0 | H34: =COUNTIFS(Trainings!$C:$C,$C34, Trainings!$I:$I,"✓ Verified", Trainings!$B:$B,">="&$B34, Trainings!$B:$B,"<"&$B34+1) -> 0 | I34: =COUNTIFS(Sales!$C:$C,$C34, Sales!$B:$B,">="&$B34, Sales!$B:$B,"<"&$B34+1) -> 0
B35: 46142 | C35: BR03 | D35: =SUMIFS(Sales!$H:$H, Sales!$C:$C,$C35, Sales!$E:$E,"MEM", Sales!$B:$B,">="&$B35, Sales!$B:$B,"<"&$B35+1) -> 0 | E35: =SUMIFS(Sales!$H:$H, Sales!$C:$C,$C35, Sales!$E:$E,"PT", Sales!$B:$B,">="&$B35, Sales!$B:$B,"<"&$B35+1) -> 0 | F35: =SUMIFS(Sales!$H:$H, Sales!$C:$C,$C35, Sales!$E:$E,"Plan", Sales!$B:$B,">="&$B35, Sales!$B:$B,"<"&$B35+1) -> 0 | G35: =SUM(D35:F35) -> 0 | H35: =COUNTIFS(Trainings!$C:$C,$C35, Trainings!$I:$I,"✓ Verified", Trainings!$B:$B,">="&$B35, Trainings!$B:$B,"<"&$B35+1) -> 0 | I35: =COUNTIFS(Sales!$C:$C,$C35, Sales!$B:$B,">="&$B35, Sales!$B:$B,"<"&$B35+1) -> 0
... B44: 46145 | C44: BR03 | D44: =SUMIFS(Sales!$H:$H, Sales!$C:$C,$C44, Sales!$E:$E,"MEM", Sales!$B:$B,">="&$B44, Sales!$B:$B,"<"&$B44+1) -> 0 | E44: =SUMIFS(Sales!$H:$H, Sales!$C:$C,$C44, Sales!$E:$E,"PT", Sales!$B:$B,">="&$B44, Sales!$B:$B,"<"&$B44+1) -> 0 | F44: =SUMIFS(Sales!$H:$H, Sales!$C:$C,$C44, Sales!$E:$E,"Plan", Sales!$B:$B,">="&$B44, Sales!$B:$B,"<"&$B44+1) -> 0 | G44: =SUM(D44:F44) -> 0 | H44: =COUNTIFS(Trainings!$C:$C,$C44, Trainings!$I:$I,"✓ Verified", Trainings!$B:$B,">="&$B44, Trainings!$B:$B,"<"&$B44+1) -> 0 | I44: =COUNTIFS(Sales!$C:$C,$C44, Sales!$B:$B,">="&$B44, Sales!$B:$B,"<"&$B44+1) -> 0

Sheet Alerts
B1: การแจ้งเตือน — สมาชิกใกล้หมดอายุ / เทรนใกล้หมด
B2: Timestamp | C2: ประเภท | D2: สาขา | E2: MemberID | F2: ชื่อสมาชิก | G2: ค่าที่เหลือ | H2: ข้อความ | I2: สถานะ

Sheet Employees
B1: พนักงาน FITSTATION 24
B2: EmpID | C2: ชื่อ | D2: นามสกุล | E2: ตำแหน่ง | F2: Role | G2: สาขา | H2: อีเมล | I2: สถานะ
B3: E001 | C3: สมชาย | D3: ใจดี | E3: ผู้จัดการสาขา | F3: Manager | G3: BR01 | H3: manager.br1@fit.com | I3: Active
B4: E002 | C4: สมหญิง | D4: สวยงาม | E4: เคาน์เตอร์ | F4: Staff | G4: BR01 | H4: staff.br1@fit.com | I4: Active
B5: E003 | C5: วิชัย | D5: แข็งแรง | E5: เทรนเนอร์ | F5: Trainer | G5: BR01 | H5: trainer1@fit.com | I5: Active
B6: E004 | C6: พิมพ์ | D6: ฟิตเนส | E6: เทรนเนอร์ | F6: Trainer | G6: BR01 | H6: trainer2@fit.com | I6: Active
B7: E005 | C7: อนันต์ | D7: เอกชัย | E7: ผู้จัดการสาขา | F7: Manager | G7: BR02 | H7: manager.br2@fit.com | I7: Active

Sheet Settings
B2: Settings — ค่าระบบ (สำคัญมาก, ตั้งสิทธิ์ให้เฉพาะ Owner)
B4: A. รายชื่อสาขา + LINE OA
B5: รหัส | C5: ชื่อสาขา | D5: LINE Channel Access Token (Messaging API) | E5: LINE Group ID (เช็คยอด) | F5: Manager Email | G5: Manager Password
B6: BR01 | C6: FITSTATION 24 - สาขา 1 | D6: <<วาง_CHANNEL_ACCESS_TOKEN_ที่นี่>> | E6: <<LINE_GROUP_ID_สาขา1>> | F6: owner@fitstation24.com | G6: Manager#1234
B7: BR02 | C7: FITSTATION 24 - สาขา 2 | D7: <<วาง_CHANNEL_ACCESS_TOKEN_ที่นี่>> | E7: <<LINE_GROUP_ID_สาขา2>> | F7: owner@fitstation24.com | G7: Manager#5678
B8: BR03 | C8: FITSTATION 24 - สาขา 3 | D8: <<วาง_CHANNEL_ACCESS_TOKEN_ที่นี่>> | E8: <<LINE_GROUP_ID_สาขา3>> | F8: owner@fitstation24.com | G8: Manager#9012
B11: B. ค่าทั่วไป
B12: พารามิเตอร์ | C12: ค่า | D12: คำอธิบาย
B13: Timezone | C13: Asia/Bangkok | D13: เขตเวลาอ้างอิงสำหรับเวลาไทยและตัว trigger
B14: Member expiry warning (วัน) | C14: 15 | D14: แจ้งเตือนก่อนสมาชิกหมดอายุล่วงหน้ากี่วัน
B15: Trainer hours warning (ครั้ง) | C15: 3 | D15: แจ้งเตือนเมื่อชั่วโมงเทรนคงเหลือ ≤ ค่านี้
B16: Daily decrement time | C16: 00:00 | D16: เวลาที่ระบบลดวันอัตโนมัติ (กำหนดที่ trigger)
B17: Daily summary time | C17: 21:00 | D17: เวลาที่ส่งสรุปยอดเข้า LINE Group
B18: Currency symbol | C18: ฿ | D18: ใช้แสดงในข้อความ LINE / สรุป

Sheet Login_Log
B1: บันทึกการเข้าใช้ระบบ (Audit log)
B2: Timestamp | C2: Email | D2: Role | E2: สาขา | F2: Action

Sheet README
B2: FITSTATION 24 — ระบบจัดการฟิตเนส
B3: Google Sheets + Apps Script + LINE OA · รองรับหลายสาขา
B5: ภาพรวมโครงสร้าง
B6: Workbook นี้ออกแบบให้ทำงานคู่กับ Apps Script ใน Google Sheets — ฟังก์ชัน Excel ใช้ได้ปกติบนเครื่อง แต่การแจ้งเตือน LINE / ลดวันอัตโนมัติ / ตรวจรหัสเมเนเจอร์ ทำงานเมื่อนำขึ้น Google Sheets แล้วติดตั้ง Code.gs
B8: ลำดับการเซ็ตอัพ
B9: 1) อัปโหลดไฟล์นี้ขึ้น Google Drive → คลิกขวา Open with Google Sheets → ไฟล์จะถูกแปลงเป็น Sheets อัตโนมัติ 2) เปิดเมนู Extensions → Apps Script → ลบโค้ดเปล่า แล้ววางเนื้อหาไฟล์ Code.gs 3) ใส่ค่า LINE Channel Token / Group ID / รหัสเมเนเจอร์ในชีต Settings 4) ใน Apps Script เลือกฟังก์ชัน installTriggers แล้วกด Run (อนุญาตสิทธิ์ครั้งเดียว) 5) เพิ่มอีเมลผู้ใช้ในแต่ละสาขา ใน Share (สิทธิ์ Editor หรือ Commenter ตาม Role)
B11: ชีตและหน้าที่
B12: • Settings — ค่าระบบ (token, group, รหัส, สาขา) — ตั้ง View/Edit ให้เฉพาะเจ้าของ • Employees — ทะเบียนพนักงานและสาขาที่สังกัด • Members — ฐานข้อมูลสมาชิก, อายุ, ชั่วโมงเทรนคงเหลือ, วันคงเหลือ (สูตร) • Sales — บันทึกยอดขาย MEM/PT/Plan แนบสลิป → ทริกเกอร์ส่งเข้า LINE Group • Trainings — บันทึกการเทรน (ชื่อผู้เทรน + รหัสเมเนเจอร์) → ลดชั่วโมง 1 ครั้ง • Daily_Summary — สรุปยอดรายวัน + กราฟ (อัปเดตอัตโนมัติ) • Alerts — รายการแจ้งเตือนล่าสุด (สมาชิกใกล้หมดอายุ / เทรนเหลือ ≤ 3) • Login_Log — บันทึกการเข้าใช้แต่ละครั้ง (มาจาก Apps Script)
B14: ระบบ Login + Role
B15: Google Sheets ใช้ระบบสิทธิ์ของ Google โดยตรง — Apps Script จะตรวจอีเมลผู้ใช้ (Session.getActiveUser().getEmail()) แล้วเทียบกับชีต Settings → กำหนดได้ว่าใครเห็น/แก้ชีตไหน (ใช้ Protect Range) Role ที่รองรับ: Owner / Manager / Staff / Trainer — ตั้งค่าในชีต Employees คอลัมน์ Role
B17: สำคัญ
B18: • อย่าลบหัวคอลัมน์ในแต่ละชีต — Apps Script อ้างชื่อหัวคอลัมน์โดยตรง • ห้ามใช้ตัวอักษรพิเศษในชื่อสาขา (เช่น /, \, ?) เพราะจะใช้เป็นกุญแจอ้างใน Settings • สำรองข้อมูลเดือนละครั้ง: File → Make a copy
